Date,Text,Link,Media URL,Title,Label,Alt text(s),Comment(s),"Pin board, FB album, or Google category",Post subtype,CTA,Reminder
2026/09/02 18:30,"«È troppo complicato» di solito vuol dire un'altra cosa: che nessuno l'ha ancora scomposto.

Tre persone che si passano lo stesso file. Un controllo che nessuno sa più perché esiste. Un'eccezione diventata regola.

Quando smonti il processo, il difficile si sposta. Diventa una cosa che sai fare.

È il principio con cui lavoriamo, e vale anche al contrario: se la soluzione non è facile, probabilmente non è quella giusta.

Il resto è sul sito, sezione Aree: mv-consulting.it

#pmi #treviso

https://www.mv-consulting.it/?utm_source=facebook&utm_medium=organic&utm_campaign=blocco1&utm_content=fb-w1-01#aree",,https://raw.githubusercontent.com/MarcoVanzo/mv-consulting-sito/main/tools/social/2026-09/media/m1-claim.png,,"mvc-2026-09,fb-w1-01","Testo su fondo chiaro: «Non esistono cose facili o difficili. Solo cose che sai fare, e cose che non sai ancora fare.» In basso il nome MV Consulting.",,,,,
2026/09/05 10:00,"Il primo giorno in un'azienda nuova non apriamo il computer.

Si cammina, si guarda chi tocca cosa, si scrive a mano. Il quaderno serve a mettere giù il processo com'è davvero, non come lo racconta l'organigramma.

Le due versioni non coincidono quasi mai. E un gestionale scritto sulla versione sbagliata non lo usa nessuno: si torna all'Excel, che almeno rispecchia il lavoro vero.

Prima la mappa. Poi lo schema. Poi il codice.

Se vuoi capire come impostiamo un lavoro, la sezione «Come lavoriamo» del sito lo spiega senza giri di parole.

#pmi #processi

https://www.mv-consulting.it/?utm_source=facebook&utm_medium=organic&utm_campaign=blocco1&utm_content=fb-w1-02#studio",,https://raw.githubusercontent.com/MarcoVanzo/mv-consulting-sito/main/tools/social/2026-09/media/m6-prima-la-mappa.png,,"mvc-2026-09,fb-w1-02","Tre riquadri numerati su fondo scuro: «Prima la mappa — il processo come è, non come lo racconta l'organigramma», «Poi lo schema — le tabelle, i permessi, i tempi di conservazione», «Poi il codice — mai prima». In alto il titolo «L'ordine non è negoziabile».",,,,,
2026/09/10 18:30,"Venti minuti al giorno, tre persone, duecentoventi giorni: sono duecentoventi ore all'anno.

Ore passate a cercare la versione giusta di un file, a riscrivere un dato che esiste già altrove, a chiedere per email una conferma che il sistema non dà.

Non è tempo perso: è tempo pagato, e si ripete ogni anno.

Non stiamo dicendo che ti serve un software. Stiamo dicendo che finché quel numero non è scritto da qualche parte, la decisione la prendi alla cieca.

Il calcolo completo, in sei passaggi, è sul sito.

#pmi #impresa

https://www.mv-consulting.it/?utm_source=facebook&utm_medium=organic&utm_campaign=blocco1&utm_content=fb-w2-01#aree",,https://raw.githubusercontent.com/MarcoVanzo/mv-consulting-sito/main/tools/social/2026-09/media/m2-copertina.png,,"mvc-2026-09,fb-w2-01","Copertina del documento «Il conto che nessuno fa», testo su fondo chiaro.",,,,,
2026/09/14 18:30,"Tre casi in cui diciamo di non far scrivere software.

Quando il processo cambia ogni tre mesi: un gestionale su misura fotografa un processo, e se la foto è mossa conviene aspettare.

Quando esiste già un pacchetto che copre l'ottanta per cento e il resto non fa male a nessuno.

Quando il problema non è il sistema ma due reparti che non si parlano: nessun software risolve una riunione che non si fa, la automatizza soltanto.

Lo diciamo spesso in prima riunione. Costa una commessa e fa risparmiare un errore.

Se hai un dubbio del genere, scrivici dal sito: rispondiamo anche quando la risposta è «non serve».

#pmi #impresa

https://www.mv-consulting.it/?utm_source=facebook&utm_medium=organic&utm_campaign=blocco1&utm_content=fb-w2-02#contatti",,,,"mvc-2026-09,fb-w2-02",,,,,,
2026/09/18 18:30,"In quasi tutte le aziende c'è un file che non produce niente.

Non genera un ordine, non stampa un documento, non serve a nessun cliente. Serve solo a far tornare due sistemi che dovrebbero già essere d'accordo.

Lo riconoscete dal nome: «controllo», «quadratura», o le iniziali di chi lo tiene. Lo apre una persona sola, di solito il lunedì.

Quando lo troviamo non lo automatizziamo: andiamo a vedere perché esiste. Quasi sempre è perché la stessa informazione viene inserita due volte, in due momenti, con due criteri.

Tolta la causa, il file sparisce da solo.

Se in azienda ne avete uno e volete capire da dove nasce, scriveteci dal sito.

#pmi #impresa

https://www.mv-consulting.it/?utm_source=facebook&utm_medium=organic&utm_campaign=blocco1&utm_content=fb-w3-01#contatti",,,,"mvc-2026-09,fb-w3-01",,,,,,
2026/09/22 18:30,"Il nostro lavoro è finito quando non serviamo più.

In costruzione l'ottantotto per cento del lavoro è nostro. Nell'uso quotidiano deve diventare il dodici: il resto lo fa l'azienda da sola.

Se dopo sei mesi la proporzione non si è ribaltata, il progetto non è riuscito, anche se il software funziona: vuol dire che abbiamo costruito una dipendenza.

Per questo consegniamo la documentazione, formiamo le persone mentre il sistema si sta ancora scrivendo, e lasciamo configurabile ciò che cambia spesso.

Se stai scegliendo un fornitore, chiedigli cosa ti resta in mano quando finite di lavorare insieme.

#pmi #impresa

https://www.mv-consulting.it/?utm_source=facebook&utm_medium=organic&utm_campaign=blocco1&utm_content=fb-w3-02#studio",,,,"mvc-2026-09,fb-w3-02",,,,,,
2026/09/26 10:00,"Il registro dice ventiquattro mesi. Il database non cancella niente dal 2014.

È la situazione più comune nelle aziende che hanno già fatto le carte: il registro dei trattamenti è compilato, ma nessuna procedura applica davvero i tempi di conservazione che ci sono scritti.

Succede quando il registro lo scrive qualcuno che il gestionale non l'ha mai aperto.

Da noi le due cose le fa la stessa persona. Non è un vezzo organizzativo: è l'unico modo perché il documento descriva l'azienda vera.

Se vuoi capire come lavoriamo sulla protezione dei dati, è spiegato sul sito.

#gdpr #pmi

https://www.mv-consulting.it/?utm_source=facebook&utm_medium=organic&utm_campaign=blocco1&utm_content=fb-w4-01#aree",,https://raw.githubusercontent.com/MarcoVanzo/mv-consulting-sito/main/tools/social/2026-09/media/m5-schema-registro.png,,"mvc-2026-09,fb-w4-01",Due colonne affiancate su fondo chiaro che mettono in corrispondenza le voci di uno schema dati e quelle di un registro dei trattamenti.,,,,,
2026/09/30 18:30,"Il campo note libero è il posto più pericoloso di un gestionale.

Nasce per annotare l'orario di consegna preferito. Dopo qualche anno dentro ci trovi che il titolare è in malattia, che un cliente ha avuto problemi di pagamento per una separazione, che un dipendente ha una certa condizione di salute.

Sono dati delicati, in un campo che nessuno ha classificato, senza scadenza, visibile a chiunque apra l'anagrafica.

Vietarlo non funziona: le persone lo ricreano altrove. Serve dargli una struttura, un permesso più stretto e una scadenza. E, una volta, andare a leggere cosa c'è già dentro.

Se vuoi una mano a guardare cosa c'è nel tuo, scrivici dal sito.

#gdpr #pmi

https://www.mv-consulting.it/?utm_source=facebook&utm_medium=organic&utm_campaign=blocco1&utm_content=fb-w4-02#contatti",,,,"mvc-2026-09,fb-w4-02",,,,,,
